/*Crear base de datos*/
CREATE SCHEMA `blog` DEFAULT CHARACTER SET utf8 ;

/*Crear tabla categorias*/
CREATE TABLE `blog`.`categorias` (
  `id` INT NOT NULL AUTO_INCREMENT,
  `categoria` VARCHAR(30) NOT NULL,
  PRIMARY KEY (`id`));
  
  /*Crear tabla etiquetas*/
  CREATE TABLE `blog`.`etiquetas` (
  `id` INT NOT NULL AUTO_INCREMENT,
  `nombre_etiqueta` VARCHAR(30) NOT NULL,
  PRIMARY KEY (`id`));
  
  /*Crear tabla usuarios*/
  CREATE TABLE `blog`.`usuarios` (
  `id` INT NOT NULL AUTO_INCREMENT,
  `login` VARCHAR(30) NOT NULL,
  `password` VARCHAR(32) NOT NULL,
  `nickname` VARCHAR(40) NOT NULL,
  `email` VARCHAR(40) NOT NULL,
  PRIMARY KEY (`id`),
  UNIQUE INDEX `email_UNIQUE` (`email` ASC) VISIBLE);
  
  /*Crear tabla posts*/
  CREATE TABLE `blog`.`posts` (
  `id` INT NOT NULL AUTO_INCREMENT,
  `titulo` VARCHAR(130) NOT NULL,
  `fecha_publicacion` TIMESTAMP NULL,
  `contenido` TEXT NOT NULL,
  `estatus` CHAR(8) NOT NULL DEFAULT 'Activo',
  `usuario_id` INT NOT NULL,
  `categoria_id` INT NOT NULL,
  PRIMARY KEY (`id`));
  
  /*Foreign Keys post - usuarios*/
  ALTER TABLE `blog`.`posts` 
ADD INDEX `posts_usuarios_idx` (`usuario_id` ASC) VISIBLE;

ALTER TABLE `blog`.`posts` 
ADD CONSTRAINT `posts_usuarios`
  FOREIGN KEY (`usuario_id`)
  REFERENCES `blog`.`usuarios` (`id`)
  ON DELETE NO ACTION
  ON UPDATE CASCADE;
  
   /*Foreign Keys post - categorias*/
ALTER TABLE `blog`.`posts` 
ADD INDEX `posts_categorias_idx` (`categoria_id` ASC) VISIBLE;

ALTER TABLE `blog`.`posts` 
ADD CONSTRAINT `posts_categorias`
  FOREIGN KEY (`categoria_id`)
  REFERENCES `blog`.`categorias` (`id`)
  ON DELETE NO ACTION
  ON UPDATE NO ACTION;
  
  /*Crear tabla Comentarios*/
  CREATE TABLE `blog`.`comentarios` (
  `id` INT NOT NULL AUTO_INCREMENT,
  `cuerpo_comentario` TEXT NOT NULL,
  `usuario_id` INT NOT NULL,
  `post_id` VARCHAR(45) NOT NULL,
  PRIMARY KEY (`id`));
  
  /*Foreign key comentarios - usuarios*/
ALTER TABLE `blog`.`comentarios` 
ADD INDEX `comentarios_usuarios_idx` (`usuario_id` ASC) VISIBLE;

ALTER TABLE `blog`.`comentarios` 
ADD CONSTRAINT `comentarios_usuarios`
  FOREIGN KEY (`usuario_id`)
  REFERENCES `blog`.`usuarios` (`id`)
  ON DELETE NO ACTION
  ON UPDATE NO ACTION;
  
  /*Foreign key comentarios - post*/
ALTER TABLE `blog`.`comentarios` 
CHANGE COLUMN `post_id` `post_id` INT NOT NULL ,
ADD INDEX `comentarios_posts_idx` (`post_id` ASC) VISIBLE;

ALTER TABLE `blog`.`comentarios` 
ADD CONSTRAINT `comentarios_posts`
  FOREIGN KEY (`post_id`)
  REFERENCES `blog`.`posts` (`id`)
  ON DELETE NO ACTION
  ON UPDATE NO ACTION;

/*crear tabla pibote etiqueta*/
CREATE TABLE `blog`.`posts_etiquetas` (
  `id` INT NOT NULL AUTO_INCREMENT,
  `posts_id` INT NOT NULL,
  `etiquetas_id` INT NOT NULL,
  PRIMARY KEY (`id`));
  
  /*Foreign key postEtiquetas - posts*/

ALTER TABLE `blog`.`posts_etiquetas` 
ADD INDEX `postsetiquetas_posts_idx` (`posts_id` ASC) VISIBLE;

ALTER TABLE `blog`.`posts_etiquetas` 
ADD CONSTRAINT `postsetiquetas_posts`
  FOREIGN KEY (`posts_id`)
  REFERENCES `blog`.`posts` (`id`)
  ON DELETE NO ACTION
  ON UPDATE NO ACTION;
  
   /*Foreign key postEtiquetas - etiquetas*/
ALTER TABLE `blog`.`posts_etiquetas` 
ADD INDEX `postsetiquetas_etiquetas_idx` (`etiquetas_id` ASC) VISIBLE;

ALTER TABLE `blog`.`posts_etiquetas` 
ADD CONSTRAINT `postsetiquetas_etiquetas`
  FOREIGN KEY (`etiquetas_id`)
  REFERENCES `blog`.`etiquetas` (`id`)
  ON DELETE NO ACTION
  ON UPDATE NO ACTION;
  
  /*INSERT USUARIOS*/
INSERT INTO `usuarios` (`id`,`login`,`password`,`nickname`,`email`) VALUES 
(1,'israel','jc8209*(^GCHN_(hcLA','Israel','israel@platziblog.com'),
(2,'monica','(*&^LKJDHC_(*#YDLKJHODG','Moni','monica@platziblog.com'),
(3,'laura','LKDJ)_*(-c.M:\"[pOwHDˆåßƒ∂','Lau','laura@platziblog.com'),
(4,'edgar','LLiy)CX*Y:M<A<SC_(*N>O','Ed','edgar@platziblog.com'),
(5,'perezoso','&N_*JS)_Y)*(&TGOKS','Oso Pérez','perezoso@platziblog.com');

  /*INSERT CATEGORIAS*/
INSERT INTO `categorias` (`id`,`categoria`) VALUES 
(1,'Ciencia'),
(2,'Tecnología'),
(3,'Deportes'),
(4,'Espectáculos'),
(5,'Economía');

  /*INSERT ETIQUETAS*/
INSERT INTO `etiquetas` (`id`,`nombre_etiqueta`) VALUES 
(1,'Robótica'),
(2,'Computación'),
(3,'Teléfonos Móviles'),
(4,'Automovilismo'),
(5,'Campeonatos'),
(6,'Equipos'),
(7,'Bolsa de valores'),
(8,'Inversiones'),
(9,'Brokers'),
(10,'Celebridades'),
(11,'Eventos'),
(12,'Moda'),
(13,'Avances'),
(14,'Nobel'),
(15,'Matemáticas'),
(16,'Química'),
(17,'Física'),
(18,'Largo plazo'),
(19,'Bienes Raíces'),
(20,'Estilo');

-- Posts
INSERT INTO `posts` (`id`,`titulo`,`fecha_publicacion`,`contenido`,`estatus`,`usuario_id`,`categoria_id`) VALUES (43,'Se presenta el nuevo teléfono móvil en evento','2030-04-05 00:00:00','Phasellus laoreet eros nec vestibulum varius. Nunc id efficitur lacus, non imperdiet quam. Aliquam porta, tellus at porta semper, felis velit congue mauris, eu pharetra felis sem vitae tortor. Curabitur bibendum vehicula dolor, nec accumsan tortor ultrices ac. Vivamus nec tristique orci. Nullam fringilla eros magna, vitae imperdiet nisl mattis et. Ut quis malesuada felis. Proin at dictum eros, eget sodales libero. Sed egestas tristique nisi et tempor. Ut cursus sapien eu pellentesque posuere. Etiam eleifend varius cursus.\n\nNullam viverra quam porta orci efficitur imperdiet. Quisque magna erat, dignissim nec velit sit amet, hendrerit mollis mauris. Mauris sapien magna, consectetur et vulputate a, iaculis eget nisi. Nunc est diam, aliquam quis turpis ac, porta mattis neque. Quisque consequat dolor sit amet velit commodo sagittis. Donec commodo pulvinar odio, ut gravida velit pellentesque vitae. Class aptent taciti sociosqu ad litora torquent per conubia nostra, per inceptos himenaeos.\n\nMorbi vulputate ante quis elit pretium, ut blandit felis aliquet. Aenean a massa a leo tristique malesuada. Curabitur posuere, elit sed consectetur blandit, massa mauris tristique ante, in faucibus elit justo quis nisi. Ut viverra est et arcu egestas fringilla. Mauris condimentum, lorem id viverra placerat, libero lacus ultricies est, id volutpat metus sapien non justo. Nulla facilisis, sapien ut vehicula tristique, mauris lectus porta massa, sit amet malesuada dolor justo id lectus. Suspendisse sit amet tempor ligula. Nam sit amet nisl non magna lacinia finibus eget nec augue. Aliquam ornare cursus dapibus. Lorem ipsum dolor sit amet, consectetur adipiscing elit.\n\nDonec ornare sem eget massa pharetra rhoncus. Donec tempor sapien at posuere porttitor. Morbi sodales efficitur felis eu scelerisque. Quisque ultrices nunc ut dignissim vehicula. Donec id imperdiet orci, sed porttitor turpis. Etiam volutpat elit sed justo lobortis, tincidunt imperdiet velit pretium. Ut convallis elit sapien, ac egestas ipsum finibus a. Morbi sed odio et dui tincidunt rhoncus tempor id turpis.\n\nProin fringilla consequat imperdiet. Ut accumsan velit ac augue sollicitudin porta. Phasellus finibus porttitor felis, a feugiat purus tempus vel. Etiam vitae vehicula ex. Praesent ut tellus tellus. Fusce felis nunc, congue ac leo in, elementum vulputate nisi. Duis diam nulla, consequat ac mauris quis, viverra gravida urna.','activo',1,2),
(44,'Tenemos un nuevo auto inteligente','2025-05-04 00:00:00','Phasellus laoreet eros nec vestibulum varius. Nunc id efficitur lacus, non imperdiet quam. Aliquam porta, tellus at porta semper, felis velit congue mauris, eu pharetra felis sem vitae tortor. Curabitur bibendum vehicula dolor, nec accumsan tortor ultrices ac. Vivamus nec tristique orci. Nullam fringilla eros magna, vitae imperdiet nisl mattis et. Ut quis malesuada felis. Proin at dictum eros, eget sodales libero. Sed egestas tristique nisi et tempor. Ut cursus sapien eu pellentesque posuere. Etiam eleifend varius cursus.\n\nNullam viverra quam porta orci efficitur imperdiet. Quisque magna erat, dignissim nec velit sit amet, hendrerit mollis mauris. Mauris sapien magna, consectetur et vulputate a, iaculis eget nisi. Nunc est diam, aliquam quis turpis ac, porta mattis neque. Quisque consequat dolor sit amet velit commodo sagittis. Donec commodo pulvinar odio, ut gravida velit pellentesque vitae. Class aptent taciti sociosqu ad litora torquent per conubia nostra, per inceptos himenaeos.\n\nMorbi vulputate ante quis elit pretium, ut blandit felis aliquet. Aenean a massa a leo tristique malesuada. Curabitur posuere, elit sed consectetur blandit, massa mauris tristique ante, in faucibus elit justo quis nisi. Ut viverra est et arcu egestas fringilla. Mauris condimentum, lorem id viverra placerat, libero lacus ultricies est, id volutpat metus sapien non justo. Nulla facilisis, sapien ut vehicula tristique, mauris lectus porta massa, sit amet malesuada dolor justo id lectus. Suspendisse sit amet tempor ligula. Nam sit amet nisl non magna lacinia finibus eget nec augue. Aliquam ornare cursus dapibus. Lorem ipsum dolor sit amet, consectetur adipiscing elit.\n\nDonec ornare sem eget massa pharetra rhoncus. Donec tempor sapien at posuere porttitor. Morbi sodales efficitur felis eu scelerisque. Quisque ultrices nunc ut dignissim vehicula. Donec id imperdiet orci, sed porttitor turpis. Etiam volutpat elit sed justo lobortis, tincidunt imperdiet velit pretium. Ut convallis elit sapien, ac egestas ipsum finibus a. Morbi sed odio et dui tincidunt rhoncus tempor id turpis.\n\nProin fringilla consequat imperdiet. Ut accumsan velit ac augue sollicitudin porta. Phasellus finibus porttitor felis, a feugiat purus tempus vel. Etiam vitae vehicula ex. Praesent ut tellus tellus. Fusce felis nunc, congue ac leo in, elementum vulputate nisi. Duis diam nulla, consequat ac mauris quis, viverra gravida urna.','activo',2,2),
(45,'Ganador del premio Nobel por trabajo en genética','2023-12-22 00:00:00','Phasellus laoreet eros nec vestibulum varius. Nunc id efficitur lacus, non imperdiet quam. Aliquam porta, tellus at porta semper, felis velit congue mauris, eu pharetra felis sem vitae tortor. Curabitur bibendum vehicula dolor, nec accumsan tortor ultrices ac. Vivamus nec tristique orci. Nullam fringilla eros magna, vitae imperdiet nisl mattis et. Ut quis malesuada felis. Proin at dictum eros, eget sodales libero. Sed egestas tristique nisi et tempor. Ut cursus sapien eu pellentesque posuere. Etiam eleifend varius cursus.\n\nNullam viverra quam porta orci efficitur imperdiet. Quisque magna erat, dignissim nec velit sit amet, hendrerit mollis mauris. Mauris sapien magna, consectetur et vulputate a, iaculis eget nisi. Nunc est diam, aliquam quis turpis ac, porta mattis neque. Quisque consequat dolor sit amet velit commodo sagittis. Donec commodo pulvinar odio, ut gravida velit pellentesque vitae. Class aptent taciti sociosqu ad litora torquent per conubia nostra, per inceptos himenaeos.\n\nMorbi vulputate ante quis elit pretium, ut blandit felis aliquet. Aenean a massa a leo tristique malesuada. Curabitur posuere, elit sed consectetur blandit, massa mauris tristique ante, in faucibus elit justo quis nisi. Ut viverra est et arcu egestas fringilla. Mauris condimentum, lorem id viverra placerat, libero lacus ultricies est, id volutpat metus sapien non justo. Nulla facilisis, sapien ut vehicula tristique, mauris lectus porta massa, sit amet malesuada dolor justo id lectus. Suspendisse sit amet tempor ligula. Nam sit amet nisl non magna lacinia finibus eget nec augue. Aliquam ornare cursus dapibus. Lorem ipsum dolor sit amet, consectetur adipiscing elit.\n\nDonec ornare sem eget massa pharetra rhoncus. Donec tempor sapien at posuere porttitor. Morbi sodales efficitur felis eu scelerisque. Quisque ultrices nunc ut dignissim vehicula. Donec id imperdiet orci, sed porttitor turpis. Etiam volutpat elit sed justo lobortis, tincidunt imperdiet velit pretium. Ut convallis elit sapien, ac egestas ipsum finibus a. Morbi sed odio et dui tincidunt rhoncus tempor id turpis.\n\nProin fringilla consequat imperdiet. Ut accumsan velit ac augue sollicitudin porta. Phasellus finibus porttitor felis, a feugiat purus tempus vel. Etiam vitae vehicula ex. Praesent ut tellus tellus. Fusce felis nunc, congue ac leo in, elementum vulputate nisi. Duis diam nulla, consequat ac mauris quis, viverra gravida urna.','activo',3,1),
(46,'Los mejores vestidos en la alfombra roja','2021-12-22 00:00:00','Phasellus laoreet eros nec vestibulum varius. Nunc id efficitur lacus, non imperdiet quam. Aliquam porta, tellus at porta semper, felis velit congue mauris, eu pharetra felis sem vitae tortor. Curabitur bibendum vehicula dolor, nec accumsan tortor ultrices ac. Vivamus nec tristique orci. Nullam fringilla eros magna, vitae imperdiet nisl mattis et. Ut quis malesuada felis. Proin at dictum eros, eget sodales libero. Sed egestas tristique nisi et tempor. Ut cursus sapien eu pellentesque posuere. Etiam eleifend varius cursus.\n\nNullam viverra quam porta orci efficitur imperdiet. Quisque magna erat, dignissim nec velit sit amet, hendrerit mollis mauris. Mauris sapien magna, consectetur et vulputate a, iaculis eget nisi. Nunc est diam, aliquam quis turpis ac, porta mattis neque. Quisque consequat dolor sit amet velit commodo sagittis. Donec commodo pulvinar odio, ut gravida velit pellentesque vitae. Class aptent taciti sociosqu ad litora torquent per conubia nostra, per inceptos himenaeos.\n\nMorbi vulputate ante quis elit pretium, ut blandit felis aliquet. Aenean a massa a leo tristique malesuada. Curabitur posuere, elit sed consectetur blandit, massa mauris tristique ante, in faucibus elit justo quis nisi. Ut viverra est et arcu egestas fringilla. Mauris condimentum, lorem id viverra placerat, libero lacus ultricies est, id volutpat metus sapien non justo. Nulla facilisis, sapien ut vehicula tristique, mauris lectus porta massa, sit amet malesuada dolor justo id lectus. Suspendisse sit amet tempor ligula. Nam sit amet nisl non magna lacinia finibus eget nec augue. Aliquam ornare cursus dapibus. Lorem ipsum dolor sit amet, consectetur adipiscing elit.\n\nDonec ornare sem eget massa pharetra rhoncus. Donec tempor sapien at posuere porttitor. Morbi sodales efficitur felis eu scelerisque. Quisque ultrices nunc ut dignissim vehicula. Donec id imperdiet orci, sed porttitor turpis. Etiam volutpat elit sed justo lobortis, tincidunt imperdiet velit pretium. Ut convallis elit sapien, ac egestas ipsum finibus a. Morbi sed odio et dui tincidunt rhoncus tempor id turpis.\n\nProin fringilla consequat imperdiet. Ut accumsan velit ac augue sollicitudin porta. Phasellus finibus porttitor felis, a feugiat purus tempus vel. Etiam vitae vehicula ex. Praesent ut tellus tellus. Fusce felis nunc, congue ac leo in, elementum vulputate nisi. Duis diam nulla, consequat ac mauris quis, viverra gravida urna.','activo',4,4),
(47,'Los paparatzi captan escándalo en cámara','2025-01-09 00:00:00','Phasellus laoreet eros nec vestibulum varius. Nunc id efficitur lacus, non imperdiet quam. Aliquam porta, tellus at porta semper, felis velit congue mauris, eu pharetra felis sem vitae tortor. Curabitur bibendum vehicula dolor, nec accumsan tortor ultrices ac. Vivamus nec tristique orci. Nullam fringilla eros magna, vitae imperdiet nisl mattis et. Ut quis malesuada felis. Proin at dictum eros, eget sodales libero. Sed egestas tristique nisi et tempor. Ut cursus sapien eu pellentesque posuere. Etiam eleifend varius cursus.\n\nNullam viverra quam porta orci efficitur imperdiet. Quisque magna erat, dignissim nec velit sit amet, hendrerit mollis mauris. Mauris sapien magna, consectetur et vulputate a, iaculis eget nisi. Nunc est diam, aliquam quis turpis ac, porta mattis neque. Quisque consequat dolor sit amet velit commodo sagittis. Donec commodo pulvinar odio, ut gravida velit pellentesque vitae. Class aptent taciti sociosqu ad litora torquent per conubia nostra, per inceptos himenaeos.\n\nMorbi vulputate ante quis elit pretium, ut blandit felis aliquet. Aenean a massa a leo tristique malesuada. Curabitur posuere, elit sed consectetur blandit, massa mauris tristique ante, in faucibus elit justo quis nisi. Ut viverra est et arcu egestas fringilla. Mauris condimentum, lorem id viverra placerat, libero lacus ultricies est, id volutpat metus sapien non justo. Nulla facilisis, sapien ut vehicula tristique, mauris lectus porta massa, sit amet malesuada dolor justo id lectus. Suspendisse sit amet tempor ligula. Nam sit amet nisl non magna lacinia finibus eget nec augue. Aliquam ornare cursus dapibus. Lorem ipsum dolor sit amet, consectetur adipiscing elit.\n\nDonec ornare sem eget massa pharetra rhoncus. Donec tempor sapien at posuere porttitor. Morbi sodales efficitur felis eu scelerisque. Quisque ultrices nunc ut dignissim vehicula. Donec id imperdiet orci, sed porttitor turpis. Etiam volutpat elit sed justo lobortis, tincidunt imperdiet velit pretium. Ut convallis elit sapien, ac egestas ipsum finibus a. Morbi sed odio et dui tincidunt rhoncus tempor id turpis.\n\nProin fringilla consequat imperdiet. Ut accumsan velit ac augue sollicitudin porta. Phasellus finibus porttitor felis, a feugiat purus tempus vel. Etiam vitae vehicula ex. Praesent ut tellus tellus. Fusce felis nunc, congue ac leo in, elementum vulputate nisi. Duis diam nulla, consequat ac mauris quis, viverra gravida urna.','inactivo',4,4),
(48,'Se mejora la conducción autónoma de vehículos','2022-05-23 00:00:00','Phasellus laoreet eros nec vestibulum varius. Nunc id efficitur lacus, non imperdiet quam. Aliquam porta, tellus at porta semper, felis velit congue mauris, eu pharetra felis sem vitae tortor. Curabitur bibendum vehicula dolor, nec accumsan tortor ultrices ac. Vivamus nec tristique orci. Nullam fringilla eros magna, vitae imperdiet nisl mattis et. Ut quis malesuada felis. Proin at dictum eros, eget sodales libero. Sed egestas tristique nisi et tempor. Ut cursus sapien eu pellentesque posuere. Etiam eleifend varius cursus.\n\nNullam viverra quam porta orci efficitur imperdiet. Quisque magna erat, dignissim nec velit sit amet, hendrerit mollis mauris. Mauris sapien magna, consectetur et vulputate a, iaculis eget nisi. Nunc est diam, aliquam quis turpis ac, porta mattis neque. Quisque consequat dolor sit amet velit commodo sagittis. Donec commodo pulvinar odio, ut gravida velit pellentesque vitae. Class aptent taciti sociosqu ad litora torquent per conubia nostra, per inceptos himenaeos.\n\nMorbi vulputate ante quis elit pretium, ut blandit felis aliquet. Aenean a massa a leo tristique malesuada. Curabitur posuere, elit sed consectetur blandit, massa mauris tristique ante, in faucibus elit justo quis nisi. Ut viverra est et arcu egestas fringilla. Mauris condimentum, lorem id viverra placerat, libero lacus ultricies est, id volutpat metus sapien non justo. Nulla facilisis, sapien ut vehicula tristique, mauris lectus porta massa, sit amet malesuada dolor justo id lectus. Suspendisse sit amet tempor ligula. Nam sit amet nisl non magna lacinia finibus eget nec augue. Aliquam ornare cursus dapibus. Lorem ipsum dolor sit amet, consectetur adipiscing elit.\n\nDonec ornare sem eget massa pharetra rhoncus. Donec tempor sapien at posuere porttitor. Morbi sodales efficitur felis eu scelerisque. Quisque ultrices nunc ut dignissim vehicula. Donec id imperdiet orci, sed porttitor turpis. Etiam volutpat elit sed justo lobortis, tincidunt imperdiet velit pretium. Ut convallis elit sapien, ac egestas ipsum finibus a. Morbi sed odio et dui tincidunt rhoncus tempor id turpis.\n\nProin fringilla consequat imperdiet. Ut accumsan velit ac augue sollicitudin porta. Phasellus finibus porttitor felis, a feugiat purus tempus vel. Etiam vitae vehicula ex. Praesent ut tellus tellus. Fusce felis nunc, congue ac leo in, elementum vulputate nisi. Duis diam nulla, consequat ac mauris quis, viverra gravida urna.','activo',1,2),
(49,'Se descubre nueva partícula del modelo estandar','2023-01-10 00:00:00','Phasellus laoreet eros nec vestibulum varius. Nunc id efficitur lacus, non imperdiet quam. Aliquam porta, tellus at porta semper, felis velit congue mauris, eu pharetra felis sem vitae tortor. Curabitur bibendum vehicula dolor, nec accumsan tortor ultrices ac. Vivamus nec tristique orci. Nullam fringilla eros magna, vitae imperdiet nisl mattis et. Ut quis malesuada felis. Proin at dictum eros, eget sodales libero. Sed egestas tristique nisi et tempor. Ut cursus sapien eu pellentesque posuere. Etiam eleifend varius cursus.\n\nNullam viverra quam porta orci efficitur imperdiet. Quisque magna erat, dignissim nec velit sit amet, hendrerit mollis mauris. Mauris sapien magna, consectetur et vulputate a, iaculis eget nisi. Nunc est diam, aliquam quis turpis ac, porta mattis neque. Quisque consequat dolor sit amet velit commodo sagittis. Donec commodo pulvinar odio, ut gravida velit pellentesque vitae. Class aptent taciti sociosqu ad litora torquent per conubia nostra, per inceptos himenaeos.\n\nMorbi vulputate ante quis elit pretium, ut blandit felis aliquet. Aenean a massa a leo tristique malesuada. Curabitur posuere, elit sed consectetur blandit, massa mauris tristique ante, in faucibus elit justo quis nisi. Ut viverra est et arcu egestas fringilla. Mauris condimentum, lorem id viverra placerat, libero lacus ultricies est, id volutpat metus sapien non justo. Nulla facilisis, sapien ut vehicula tristique, mauris lectus porta massa, sit amet malesuada dolor justo id lectus. Suspendisse sit amet tempor ligula. Nam sit amet nisl non magna lacinia finibus eget nec augue. Aliquam ornare cursus dapibus. Lorem ipsum dolor sit amet, consectetur adipiscing elit.\n\nDonec ornare sem eget massa pharetra rhoncus. Donec tempor sapien at posuere porttitor. Morbi sodales efficitur felis eu scelerisque. Quisque ultrices nunc ut dignissim vehicula. Donec id imperdiet orci, sed porttitor turpis. Etiam volutpat elit sed justo lobortis, tincidunt imperdiet velit pretium. Ut convallis elit sapien, ac egestas ipsum finibus a. Morbi sed odio et dui tincidunt rhoncus tempor id turpis.\n\nProin fringilla consequat imperdiet. Ut accumsan velit ac augue sollicitudin porta. Phasellus finibus porttitor felis, a feugiat purus tempus vel. Etiam vitae vehicula ex. Praesent ut tellus tellus. Fusce felis nunc, congue ac leo in, elementum vulputate nisi. Duis diam nulla, consequat ac mauris quis, viverra gravida urna.','activo',2,1),
(50,'Químicos descubren nanomaterial','2026-06-04 00:00:00','Phasellus laoreet eros nec vestibulum varius. Nunc id efficitur lacus, non imperdiet quam. Aliquam porta, tellus at porta semper, felis velit congue mauris, eu pharetra felis sem vitae tortor. Curabitur bibendum vehicula dolor, nec accumsan tortor ultrices ac. Vivamus nec tristique orci. Nullam fringilla eros magna, vitae imperdiet nisl mattis et. Ut quis malesuada felis. Proin at dictum eros, eget sodales libero. Sed egestas tristique nisi et tempor. Ut cursus sapien eu pellentesque posuere. Etiam eleifend varius cursus.\n\nNullam viverra quam porta orci efficitur imperdiet. Quisque magna erat, dignissim nec velit sit amet, hendrerit mollis mauris. Mauris sapien magna, consectetur et vulputate a, iaculis eget nisi. Nunc est diam, aliquam quis turpis ac, porta mattis neque. Quisque consequat dolor sit amet velit commodo sagittis. Donec commodo pulvinar odio, ut gravida velit pellentesque vitae. Class aptent taciti sociosqu ad litora torquent per conubia nostra, per inceptos himenaeos.\n\nMorbi vulputate ante quis elit pretium, ut blandit felis aliquet. Aenean a massa a leo tristique malesuada. Curabitur posuere, elit sed consectetur blandit, massa mauris tristique ante, in faucibus elit justo quis nisi. Ut viverra est et arcu egestas fringilla. Mauris condimentum, lorem id viverra placerat, libero lacus ultricies est, id volutpat metus sapien non justo. Nulla facilisis, sapien ut vehicula tristique, mauris lectus porta massa, sit amet malesuada dolor justo id lectus. Suspendisse sit amet tempor ligula. Nam sit amet nisl non magna lacinia finibus eget nec augue. Aliquam ornare cursus dapibus. Lorem ipsum dolor sit amet, consectetur adipiscing elit.\n\nDonec ornare sem eget massa pharetra rhoncus. Donec tempor sapien at posuere porttitor. Morbi sodales efficitur felis eu scelerisque. Quisque ultrices nunc ut dignissim vehicula. Donec id imperdiet orci, sed porttitor turpis. Etiam volutpat elit sed justo lobortis, tincidunt imperdiet velit pretium. Ut convallis elit sapien, ac egestas ipsum finibus a. Morbi sed odio et dui tincidunt rhoncus tempor id turpis.\n\nProin fringilla consequat imperdiet. Ut accumsan velit ac augue sollicitudin porta. Phasellus finibus porttitor felis, a feugiat purus tempus vel. Etiam vitae vehicula ex. Praesent ut tellus tellus. Fusce felis nunc, congue ac leo in, elementum vulputate nisi. Duis diam nulla, consequat ac mauris quis, viverra gravida urna.','activo',2,1),
(51,'La bolsa cae estrepitosamente','2024-04-03 00:00:00','Phasellus laoreet eros nec vestibulum varius. Nunc id efficitur lacus, non imperdiet quam. Aliquam porta, tellus at porta semper, felis velit congue mauris, eu pharetra felis sem vitae tortor. Curabitur bibendum vehicula dolor, nec accumsan tortor ultrices ac. Vivamus nec tristique orci. Nullam fringilla eros magna, vitae imperdiet nisl mattis et. Ut quis malesuada felis. Proin at dictum eros, eget sodales libero. Sed egestas tristique nisi et tempor. Ut cursus sapien eu pellentesque posuere. Etiam eleifend varius cursus.\n\nNullam viverra quam porta orci efficitur imperdiet. Quisque magna erat, dignissim nec velit sit amet, hendrerit mollis mauris. Mauris sapien magna, consectetur et vulputate a, iaculis eget nisi. Nunc est diam, aliquam quis turpis ac, porta mattis neque. Quisque consequat dolor sit amet velit commodo sagittis. Donec commodo pulvinar odio, ut gravida velit pellentesque vitae. Class aptent taciti sociosqu ad litora torquent per conubia nostra, per inceptos himenaeos.\n\nMorbi vulputate ante quis elit pretium, ut blandit felis aliquet. Aenean a massa a leo tristique malesuada. Curabitur posuere, elit sed consectetur blandit, massa mauris tristique ante, in faucibus elit justo quis nisi. Ut viverra est et arcu egestas fringilla. Mauris condimentum, lorem id viverra placerat, libero lacus ultricies est, id volutpat metus sapien non justo. Nulla facilisis, sapien ut vehicula tristique, mauris lectus porta massa, sit amet malesuada dolor justo id lectus. Suspendisse sit amet tempor ligula. Nam sit amet nisl non magna lacinia finibus eget nec augue. Aliquam ornare cursus dapibus. Lorem ipsum dolor sit amet, consectetur adipiscing elit.\n\nDonec ornare sem eget massa pharetra rhoncus. Donec tempor sapien at posuere porttitor. Morbi sodales efficitur felis eu scelerisque. Quisque ultrices nunc ut dignissim vehicula. Donec id imperdiet orci, sed porttitor turpis. Etiam volutpat elit sed justo lobortis, tincidunt imperdiet velit pretium. Ut convallis elit sapien, ac egestas ipsum finibus a. Morbi sed odio et dui tincidunt rhoncus tempor id turpis.\n\nProin fringilla consequat imperdiet. Ut accumsan velit ac augue sollicitudin porta. Phasellus finibus porttitor felis, a feugiat purus tempus vel. Etiam vitae vehicula ex. Praesent ut tellus tellus. Fusce felis nunc, congue ac leo in, elementum vulputate nisi. Duis diam nulla, consequat ac mauris quis, viverra gravida urna.','activo',2,5),
(52,'Bienes raices más baratos que nunca','2025-04-11 00:00:00','Phasellus laoreet eros nec vestibulum varius. Nunc id efficitur lacus, non imperdiet quam. Aliquam porta, tellus at porta semper, felis velit congue mauris, eu pharetra felis sem vitae tortor. Curabitur bibendum vehicula dolor, nec accumsan tortor ultrices ac. Vivamus nec tristique orci. Nullam fringilla eros magna, vitae imperdiet nisl mattis et. Ut quis malesuada felis. Proin at dictum eros, eget sodales libero. Sed egestas tristique nisi et tempor. Ut cursus sapien eu pellentesque posuere. Etiam eleifend varius cursus.\n\nNullam viverra quam porta orci efficitur imperdiet. Quisque magna erat, dignissim nec velit sit amet, hendrerit mollis mauris. Mauris sapien magna, consectetur et vulputate a, iaculis eget nisi. Nunc est diam, aliquam quis turpis ac, porta mattis neque. Quisque consequat dolor sit amet velit commodo sagittis. Donec commodo pulvinar odio, ut gravida velit pellentesque vitae. Class aptent taciti sociosqu ad litora torquent per conubia nostra, per inceptos himenaeos.\n\nMorbi vulputate ante quis elit pretium, ut blandit felis aliquet. Aenean a massa a leo tristique malesuada. Curabitur posuere, elit sed consectetur blandit, massa mauris tristique ante, in faucibus elit justo quis nisi. Ut viverra est et arcu egestas fringilla. Mauris condimentum, lorem id viverra placerat, libero lacus ultricies est, id volutpat metus sapien non justo. Nulla facilisis, sapien ut vehicula tristique, mauris lectus porta massa, sit amet malesuada dolor justo id lectus. Suspendisse sit amet tempor ligula. Nam sit amet nisl non magna lacinia finibus eget nec augue. Aliquam ornare cursus dapibus. Lorem ipsum dolor sit amet, consectetur adipiscing elit.\n\nDonec ornare sem eget massa pharetra rhoncus. Donec tempor sapien at posuere porttitor. Morbi sodales efficitur felis eu scelerisque. Quisque ultrices nunc ut dignissim vehicula. Donec id imperdiet orci, sed porttitor turpis. Etiam volutpat elit sed justo lobortis, tincidunt imperdiet velit pretium. Ut convallis elit sapien, ac egestas ipsum finibus a. Morbi sed odio et dui tincidunt rhoncus tempor id turpis.\n\nProin fringilla consequat imperdiet. Ut accumsan velit ac augue sollicitudin porta. Phasellus finibus porttitor felis, a feugiat purus tempus vel. Etiam vitae vehicula ex. Praesent ut tellus tellus. Fusce felis nunc, congue ac leo in, elementum vulputate nisi. Duis diam nulla, consequat ac mauris quis, viverra gravida urna.','inactivo',2,5),
(53,'Se fortalece el peso frente al dolar','2021-10-09 00:00:00','Phasellus laoreet eros nec vestibulum varius. Nunc id efficitur lacus, non imperdiet quam. Aliquam porta, tellus at porta semper, felis velit congue mauris, eu pharetra felis sem vitae tortor. Curabitur bibendum vehicula dolor, nec accumsan tortor ultrices ac. Vivamus nec tristique orci. Nullam fringilla eros magna, vitae imperdiet nisl mattis et. Ut quis malesuada felis. Proin at dictum eros, eget sodales libero. Sed egestas tristique nisi et tempor. Ut cursus sapien eu pellentesque posuere. Etiam eleifend varius cursus.\n\nNullam viverra quam porta orci efficitur imperdiet. Quisque magna erat, dignissim nec velit sit amet, hendrerit mollis mauris. Mauris sapien magna, consectetur et vulputate a, iaculis eget nisi. Nunc est diam, aliquam quis turpis ac, porta mattis neque. Quisque consequat dolor sit amet velit commodo sagittis. Donec commodo pulvinar odio, ut gravida velit pellentesque vitae. Class aptent taciti sociosqu ad litora torquent per conubia nostra, per inceptos himenaeos.\n\nMorbi vulputate ante quis elit pretium, ut blandit felis aliquet. Aenean a massa a leo tristique malesuada. Curabitur posuere, elit sed consectetur blandit, massa mauris tristique ante, in faucibus elit justo quis nisi. Ut viverra est et arcu egestas fringilla. Mauris condimentum, lorem id viverra placerat, libero lacus ultricies est, id volutpat metus sapien non justo. Nulla facilisis, sapien ut vehicula tristique, mauris lectus porta massa, sit amet malesuada dolor justo id lectus. Suspendisse sit amet tempor ligula. Nam sit amet nisl non magna lacinia finibus eget nec augue. Aliquam ornare cursus dapibus. Lorem ipsum dolor sit amet, consectetur adipiscing elit.\n\nDonec ornare sem eget massa pharetra rhoncus. Donec tempor sapien at posuere porttitor. Morbi sodales efficitur felis eu scelerisque. Quisque ultrices nunc ut dignissim vehicula. Donec id imperdiet orci, sed porttitor turpis. Etiam volutpat elit sed justo lobortis, tincidunt imperdiet velit pretium. Ut convallis elit sapien, ac egestas ipsum finibus a. Morbi sed odio et dui tincidunt rhoncus tempor id turpis.\n\nProin fringilla consequat imperdiet. Ut accumsan velit ac augue sollicitudin porta. Phasellus finibus porttitor felis, a feugiat purus tempus vel. Etiam vitae vehicula ex. Praesent ut tellus tellus. Fusce felis nunc, congue ac leo in, elementum vulputate nisi. Duis diam nulla, consequat ac mauris quis, viverra gravida urna.','activo',1,5),
(54,'Tenemos ganador de la formula e','2022-11-11 00:00:00','Phasellus laoreet eros nec vestibulum varius. Nunc id efficitur lacus, non imperdiet quam. Aliquam porta, tellus at porta semper, felis velit congue mauris, eu pharetra felis sem vitae tortor. Curabitur bibendum vehicula dolor, nec accumsan tortor ultrices ac. Vivamus nec tristique orci. Nullam fringilla eros magna, vitae imperdiet nisl mattis et. Ut quis malesuada felis. Proin at dictum eros, eget sodales libero. Sed egestas tristique nisi et tempor. Ut cursus sapien eu pellentesque posuere. Etiam eleifend varius cursus.\n\nNullam viverra quam porta orci efficitur imperdiet. Quisque magna erat, dignissim nec velit sit amet, hendrerit mollis mauris. Mauris sapien magna, consectetur et vulputate a, iaculis eget nisi. Nunc est diam, aliquam quis turpis ac, porta mattis neque. Quisque consequat dolor sit amet velit commodo sagittis. Donec commodo pulvinar odio, ut gravida velit pellentesque vitae. Class aptent taciti sociosqu ad litora torquent per conubia nostra, per inceptos himenaeos.\n\nMorbi vulputate ante quis elit pretium, ut blandit felis aliquet. Aenean a massa a leo tristique malesuada. Curabitur posuere, elit sed consectetur blandit, massa mauris tristique ante, in faucibus elit justo quis nisi. Ut viverra est et arcu egestas fringilla. Mauris condimentum, lorem id viverra placerat, libero lacus ultricies est, id volutpat metus sapien non justo. Nulla facilisis, sapien ut vehicula tristique, mauris lectus porta massa, sit amet malesuada dolor justo id lectus. Suspendisse sit amet tempor ligula. Nam sit amet nisl non magna lacinia finibus eget nec augue. Aliquam ornare cursus dapibus. Lorem ipsum dolor sit amet, consectetur adipiscing elit.\n\nDonec ornare sem eget massa pharetra rhoncus. Donec tempor sapien at posuere porttitor. Morbi sodales efficitur felis eu scelerisque. Quisque ultrices nunc ut dignissim vehicula. Donec id imperdiet orci, sed porttitor turpis. Etiam volutpat elit sed justo lobortis, tincidunt imperdiet velit pretium. Ut convallis elit sapien, ac egestas ipsum finibus a. Morbi sed odio et dui tincidunt rhoncus tempor id turpis.\n\nProin fringilla consequat imperdiet. Ut accumsan velit ac augue sollicitudin porta. Phasellus finibus porttitor felis, a feugiat purus tempus vel. Etiam vitae vehicula ex. Praesent ut tellus tellus. Fusce felis nunc, congue ac leo in, elementum vulputate nisi. Duis diam nulla, consequat ac mauris quis, viverra gravida urna.','activo',1,3),
(55,'Ganan partido frente a visitantes','2023-12-10 00:00:00','Phasellus laoreet eros nec vestibulum varius. Nunc id efficitur lacus, non imperdiet quam. Aliquam porta, tellus at porta semper, felis velit congue mauris, eu pharetra felis sem vitae tortor. Curabitur bibendum vehicula dolor, nec accumsan tortor ultrices ac. Vivamus nec tristique orci. Nullam fringilla eros magna, vitae imperdiet nisl mattis et. Ut quis malesuada felis. Proin at dictum eros, eget sodales libero. Sed egestas tristique nisi et tempor. Ut cursus sapien eu pellentesque posuere. Etiam eleifend varius cursus.\n\nNullam viverra quam porta orci efficitur imperdiet. Quisque magna erat, dignissim nec velit sit amet, hendrerit mollis mauris. Mauris sapien magna, consectetur et vulputate a, iaculis eget nisi. Nunc est diam, aliquam quis turpis ac, porta mattis neque. Quisque consequat dolor sit amet velit commodo sagittis. Donec commodo pulvinar odio, ut gravida velit pellentesque vitae. Class aptent taciti sociosqu ad litora torquent per conubia nostra, per inceptos himenaeos.\n\nMorbi vulputate ante quis elit pretium, ut blandit felis aliquet. Aenean a massa a leo tristique malesuada. Curabitur posuere, elit sed consectetur blandit, massa mauris tristique ante, in faucibus elit justo quis nisi. Ut viverra est et arcu egestas fringilla. Mauris condimentum, lorem id viverra placerat, libero lacus ultricies est, id volutpat metus sapien non justo. Nulla facilisis, sapien ut vehicula tristique, mauris lectus porta massa, sit amet malesuada dolor justo id lectus. Suspendisse sit amet tempor ligula. Nam sit amet nisl non magna lacinia finibus eget nec augue. Aliquam ornare cursus dapibus. Lorem ipsum dolor sit amet, consectetur adipiscing elit.\n\nDonec ornare sem eget massa pharetra rhoncus. Donec tempor sapien at posuere porttitor. Morbi sodales efficitur felis eu scelerisque. Quisque ultrices nunc ut dignissim vehicula. Donec id imperdiet orci, sed porttitor turpis. Etiam volutpat elit sed justo lobortis, tincidunt imperdiet velit pretium. Ut convallis elit sapien, ac egestas ipsum finibus a. Morbi sed odio et dui tincidunt rhoncus tempor id turpis.\n\nProin fringilla consequat imperdiet. Ut accumsan velit ac augue sollicitudin porta. Phasellus finibus porttitor felis, a feugiat purus tempus vel. Etiam vitae vehicula ex. Praesent ut tellus tellus. Fusce felis nunc, congue ac leo in, elementum vulputate nisi. Duis diam nulla, consequat ac mauris quis, viverra gravida urna.','activo',2,3),
(56,'Equipo veterano da un gran espectaculo','2023-12-01 00:00:00','Phasellus laoreet eros nec vestibulum varius. Nunc id efficitur lacus, non imperdiet quam. Aliquam porta, tellus at porta semper, felis velit congue mauris, eu pharetra felis sem vitae tortor. Curabitur bibendum vehicula dolor, nec accumsan tortor ultrices ac. Vivamus nec tristique orci. Nullam fringilla eros magna, vitae imperdiet nisl mattis et. Ut quis malesuada felis. Proin at dictum eros, eget sodales libero. Sed egestas tristique nisi et tempor. Ut cursus sapien eu pellentesque posuere. Etiam eleifend varius cursus.\n\nNullam viverra quam porta orci efficitur imperdiet. Quisque magna erat, dignissim nec velit sit amet, hendrerit mollis mauris. Mauris sapien magna, consectetur et vulputate a, iaculis eget nisi. Nunc est diam, aliquam quis turpis ac, porta mattis neque. Quisque consequat dolor sit amet velit commodo sagittis. Donec commodo pulvinar odio, ut gravida velit pellentesque vitae. Class aptent taciti sociosqu ad litora torquent per conubia nostra, per inceptos himenaeos.\n\nMorbi vulputate ante quis elit pretium, ut blandit felis aliquet. Aenean a massa a leo tristique malesuada. Curabitur posuere, elit sed consectetur blandit, massa mauris tristique ante, in faucibus elit justo quis nisi. Ut viverra est et arcu egestas fringilla. Mauris condimentum, lorem id viverra placerat, libero lacus ultricies est, id volutpat metus sapien non justo. Nulla facilisis, sapien ut vehicula tristique, mauris lectus porta massa, sit amet malesuada dolor justo id lectus. Suspendisse sit amet tempor ligula. Nam sit amet nisl non magna lacinia finibus eget nec augue. Aliquam ornare cursus dapibus. Lorem ipsum dolor sit amet, consectetur adipiscing elit.\n\nDonec ornare sem eget massa pharetra rhoncus. Donec tempor sapien at posuere porttitor. Morbi sodales efficitur felis eu scelerisque. Quisque ultrices nunc ut dignissim vehicula. Donec id imperdiet orci, sed porttitor turpis. Etiam volutpat elit sed justo lobortis, tincidunt imperdiet velit pretium. Ut convallis elit sapien, ac egestas ipsum finibus a. Morbi sed odio et dui tincidunt rhoncus tempor id turpis.\n\nProin fringilla consequat imperdiet. Ut accumsan velit ac augue sollicitudin porta. Phasellus finibus porttitor felis, a feugiat purus tempus vel. Etiam vitae vehicula ex. Praesent ut tellus tellus. Fusce felis nunc, congue ac leo in, elementum vulputate nisi. Duis diam nulla, consequat ac mauris quis, viverra gravida urna.','inactivo',2,3),
(57,'Escándalo con el boxeador del momento','2025-03-05 00:00:00','Phasellus laoreet eros nec vestibulum varius. Nunc id efficitur lacus, non imperdiet quam. Aliquam porta, tellus at porta semper, felis velit congue mauris, eu pharetra felis sem vitae tortor. Curabitur bibendum vehicula dolor, nec accumsan tortor ultrices ac. Vivamus nec tristique orci. Nullam fringilla eros magna, vitae imperdiet nisl mattis et. Ut quis malesuada felis. Proin at dictum eros, eget sodales libero. Sed egestas tristique nisi et tempor. Ut cursus sapien eu pellentesque posuere. Etiam eleifend varius cursus.\n\nNullam viverra quam porta orci efficitur imperdiet. Quisque magna erat, dignissim nec velit sit amet, hendrerit mollis mauris. Mauris sapien magna, consectetur et vulputate a, iaculis eget nisi. Nunc est diam, aliquam quis turpis ac, porta mattis neque. Quisque consequat dolor sit amet velit commodo sagittis. Donec commodo pulvinar odio, ut gravida velit pellentesque vitae. Class aptent taciti sociosqu ad litora torquent per conubia nostra, per inceptos himenaeos.\n\nMorbi vulputate ante quis elit pretium, ut blandit felis aliquet. Aenean a massa a leo tristique malesuada. Curabitur posuere, elit sed consectetur blandit, massa mauris tristique ante, in faucibus elit justo quis nisi. Ut viverra est et arcu egestas fringilla. Mauris condimentum, lorem id viverra placerat, libero lacus ultricies est, id volutpat metus sapien non justo. Nulla facilisis, sapien ut vehicula tristique, mauris lectus porta massa, sit amet malesuada dolor justo id lectus. Suspendisse sit amet tempor ligula. Nam sit amet nisl non magna lacinia finibus eget nec augue. Aliquam ornare cursus dapibus. Lorem ipsum dolor sit amet, consectetur adipiscing elit.\n\nDonec ornare sem eget massa pharetra rhoncus. Donec tempor sapien at posuere porttitor. Morbi sodales efficitur felis eu scelerisque. Quisque ultrices nunc ut dignissim vehicula. Donec id imperdiet orci, sed porttitor turpis. Etiam volutpat elit sed justo lobortis, tincidunt imperdiet velit pretium. Ut convallis elit sapien, ac egestas ipsum finibus a. Morbi sed odio et dui tincidunt rhoncus tempor id turpis.\n\nProin fringilla consequat imperdiet. Ut accumsan velit ac augue sollicitudin porta. Phasellus finibus porttitor felis, a feugiat purus tempus vel. Etiam vitae vehicula ex. Praesent ut tellus tellus. Fusce felis nunc, congue ac leo in, elementum vulputate nisi. Duis diam nulla, consequat ac mauris quis, viverra gravida urna.','activo',4,4),
(58,'Fuccia OS sacude al mundo','2028-10-10 00:00:00','Phasellus laoreet eros nec vestibulum varius. Nunc id efficitur lacus, non imperdiet quam. Aliquam porta, tellus at porta semper, felis velit congue mauris, eu pharetra felis sem vitae tortor. Curabitur bibendum vehicula dolor, nec accumsan tortor ultrices ac. Vivamus nec tristique orci. Nullam fringilla eros magna, vitae imperdiet nisl mattis et. Ut quis malesuada felis. Proin at dictum eros, eget sodales libero. Sed egestas tristique nisi et tempor. Ut cursus sapien eu pellentesque posuere. Etiam eleifend varius cursus.\n\nNullam viverra quam porta orci efficitur imperdiet. Quisque magna erat, dignissim nec velit sit amet, hendrerit mollis mauris. Mauris sapien magna, consectetur et vulputate a, iaculis eget nisi. Nunc est diam, aliquam quis turpis ac, porta mattis neque. Quisque consequat dolor sit amet velit commodo sagittis. Donec commodo pulvinar odio, ut gravida velit pellentesque vitae. Class aptent taciti sociosqu ad litora torquent per conubia nostra, per inceptos himenaeos.\n\nMorbi vulputate ante quis elit pretium, ut blandit felis aliquet. Aenean a massa a leo tristique malesuada. Curabitur posuere, elit sed consectetur blandit, massa mauris tristique ante, in faucibus elit justo quis nisi. Ut viverra est et arcu egestas fringilla. Mauris condimentum, lorem id viverra placerat, libero lacus ultricies est, id volutpat metus sapien non justo. Nulla facilisis, sapien ut vehicula tristique, mauris lectus porta massa, sit amet malesuada dolor justo id lectus. Suspendisse sit amet tempor ligula. Nam sit amet nisl non magna lacinia finibus eget nec augue. Aliquam ornare cursus dapibus. Lorem ipsum dolor sit amet, consectetur adipiscing elit.\n\nDonec ornare sem eget massa pharetra rhoncus. Donec tempor sapien at posuere porttitor. Morbi sodales efficitur felis eu scelerisque. Quisque ultrices nunc ut dignissim vehicula. Donec id imperdiet orci, sed porttitor turpis. Etiam volutpat elit sed justo lobortis, tincidunt imperdiet velit pretium. Ut convallis elit sapien, ac egestas ipsum finibus a. Morbi sed odio et dui tincidunt rhoncus tempor id turpis.\n\nProin fringilla consequat imperdiet. Ut accumsan velit ac augue sollicitudin porta. Phasellus finibus porttitor felis, a feugiat purus tempus vel. Etiam vitae vehicula ex. Praesent ut tellus tellus. Fusce felis nunc, congue ac leo in, elementum vulputate nisi. Duis diam nulla, consequat ac mauris quis, viverra gravida urna.','activo',1,2),
(59,'U.S. Robotics presenta hallazgo','2029-01-10 00:00:00','Phasellus laoreet eros nec vestibulum varius. Nunc id efficitur lacus, non imperdiet quam. Aliquam porta, tellus at porta semper, felis velit congue mauris, eu pharetra felis sem vitae tortor. Curabitur bibendum vehicula dolor, nec accumsan tortor ultrices ac. Vivamus nec tristique orci. Nullam fringilla eros magna, vitae imperdiet nisl mattis et. Ut quis malesuada felis. Proin at dictum eros, eget sodales libero. Sed egestas tristique nisi et tempor. Ut cursus sapien eu pellentesque posuere. Etiam eleifend varius cursus.\n\nNullam viverra quam porta orci efficitur imperdiet. Quisque magna erat, dignissim nec velit sit amet, hendrerit mollis mauris. Mauris sapien magna, consectetur et vulputate a, iaculis eget nisi. Nunc est diam, aliquam quis turpis ac, porta mattis neque. Quisque consequat dolor sit amet velit commodo sagittis. Donec commodo pulvinar odio, ut gravida velit pellentesque vitae. Class aptent taciti sociosqu ad litora torquent per conubia nostra, per inceptos himenaeos.\n\nMorbi vulputate ante quis elit pretium, ut blandit felis aliquet. Aenean a massa a leo tristique malesuada. Curabitur posuere, elit sed consectetur blandit, massa mauris tristique ante, in faucibus elit justo quis nisi. Ut viverra est et arcu egestas fringilla. Mauris condimentum, lorem id viverra placerat, libero lacus ultricies est, id volutpat metus sapien non justo. Nulla facilisis, sapien ut vehicula tristique, mauris lectus porta massa, sit amet malesuada dolor justo id lectus. Suspendisse sit amet tempor ligula. Nam sit amet nisl non magna lacinia finibus eget nec augue. Aliquam ornare cursus dapibus. Lorem ipsum dolor sit amet, consectetur adipiscing elit.\n\nDonec ornare sem eget massa pharetra rhoncus. Donec tempor sapien at posuere porttitor. Morbi sodales efficitur felis eu scelerisque. Quisque ultrices nunc ut dignissim vehicula. Donec id imperdiet orci, sed porttitor turpis. Etiam volutpat elit sed justo lobortis, tincidunt imperdiet velit pretium. Ut convallis elit sapien, ac egestas ipsum finibus a. Morbi sed odio et dui tincidunt rhoncus tempor id turpis.\n\nProin fringilla consequat imperdiet. Ut accumsan velit ac augue sollicitudin porta. Phasellus finibus porttitor felis, a feugiat purus tempus vel. Etiam vitae vehicula ex. Praesent ut tellus tellus. Fusce felis nunc, congue ac leo in, elementum vulputate nisi. Duis diam nulla, consequat ac mauris quis, viverra gravida urna.\n','activo',1,2),
(60,'Cierra campeonato mundial de football de manera impresionante','2023-04-10 00:00:00','Phasellus laoreet eros nec vestibulum varius. Nunc id efficitur lacus, non imperdiet quam. Aliquam porta, tellus at porta semper, felis velit congue mauris, eu pharetra felis sem vitae tortor. Curabitur bibendum vehicula dolor, nec accumsan tortor ultrices ac. Vivamus nec tristique orci. Nullam fringilla eros magna, vitae imperdiet nisl mattis et. Ut quis malesuada felis. Proin at dictum eros, eget sodales libero. Sed egestas tristique nisi et tempor. Ut cursus sapien eu pellentesque posuere. Etiam eleifend varius cursus.\n\nNullam viverra quam porta orci efficitur imperdiet. Quisque magna erat, dignissim nec velit sit amet, hendrerit mollis mauris. Mauris sapien magna, consectetur et vulputate a, iaculis eget nisi. Nunc est diam, aliquam quis turpis ac, porta mattis neque. Quisque consequat dolor sit amet velit commodo sagittis. Donec commodo pulvinar odio, ut gravida velit pellentesque vitae. Class aptent taciti sociosqu ad litora torquent per conubia nostra, per inceptos himenaeos.\n\nMorbi vulputate ante quis elit pretium, ut blandit felis aliquet. Aenean a massa a leo tristique malesuada. Curabitur posuere, elit sed consectetur blandit, massa mauris tristique ante, in faucibus elit justo quis nisi. Ut viverra est et arcu egestas fringilla. Mauris condimentum, lorem id viverra placerat, libero lacus ultricies est, id volutpat metus sapien non justo. Nulla facilisis, sapien ut vehicula tristique, mauris lectus porta massa, sit amet malesuada dolor justo id lectus. Suspendisse sit amet tempor ligula. Nam sit amet nisl non magna lacinia finibus eget nec augue. Aliquam ornare cursus dapibus. Lorem ipsum dolor sit amet, consectetur adipiscing elit.\n\nDonec ornare sem eget massa pharetra rhoncus. Donec tempor sapien at posuere porttitor. Morbi sodales efficitur felis eu scelerisque. Quisque ultrices nunc ut dignissim vehicula. Donec id imperdiet orci, sed porttitor turpis. Etiam volutpat elit sed justo lobortis, tincidunt imperdiet velit pretium. Ut convallis elit sapien, ac egestas ipsum finibus a. Morbi sed odio et dui tincidunt rhoncus tempor id turpis.\n\nProin fringilla consequat imperdiet. Ut accumsan velit ac augue sollicitudin porta. Phasellus finibus porttitor felis, a feugiat purus tempus vel. Etiam vitae vehicula ex. Praesent ut tellus tellus. Fusce felis nunc, congue ac leo in, elementum vulputate nisi. Duis diam nulla, consequat ac mauris quis, viverra gravida urna.\n','activo',2,3),
(61,'Escándalo en el mundo de la moda','2022-04-11 00:00:00','Phasellus laoreet eros nec vestibulum varius. Nunc id efficitur lacus, non imperdiet quam. Aliquam porta, tellus at porta semper, felis velit congue mauris, eu pharetra felis sem vitae tortor. Curabitur bibendum vehicula dolor, nec accumsan tortor ultrices ac. Vivamus nec tristique orci. Nullam fringilla eros magna, vitae imperdiet nisl mattis et. Ut quis malesuada felis. Proin at dictum eros, eget sodales libero. Sed egestas tristique nisi et tempor. Ut cursus sapien eu pellentesque posuere. Etiam eleifend varius cursus.\n\nNullam viverra quam porta orci efficitur imperdiet. Quisque magna erat, dignissim nec velit sit amet, hendrerit mollis mauris. Mauris sapien magna, consectetur et vulputate a, iaculis eget nisi. Nunc est diam, aliquam quis turpis ac, porta mattis neque. Quisque consequat dolor sit amet velit commodo sagittis. Donec commodo pulvinar odio, ut gravida velit pellentesque vitae. Class aptent taciti sociosqu ad litora torquent per conubia nostra, per inceptos himenaeos.\n\nMorbi vulputate ante quis elit pretium, ut blandit felis aliquet. Aenean a massa a leo tristique malesuada. Curabitur posuere, elit sed consectetur blandit, massa mauris tristique ante, in faucibus elit justo quis nisi. Ut viverra est et arcu egestas fringilla. Mauris condimentum, lorem id viverra placerat, libero lacus ultricies est, id volutpat metus sapien non justo. Nulla facilisis, sapien ut vehicula tristique, mauris lectus porta massa, sit amet malesuada dolor justo id lectus. Suspendisse sit amet tempor ligula. Nam sit amet nisl non magna lacinia finibus eget nec augue. Aliquam ornare cursus dapibus. Lorem ipsum dolor sit amet, consectetur adipiscing elit.\n\nDonec ornare sem eget massa pharetra rhoncus. Donec tempor sapien at posuere porttitor. Morbi sodales efficitur felis eu scelerisque. Quisque ultrices nunc ut dignissim vehicula. Donec id imperdiet orci, sed porttitor turpis. Etiam volutpat elit sed justo lobortis, tincidunt imperdiet velit pretium. Ut convallis elit sapien, ac egestas ipsum finibus a. Morbi sed odio et dui tincidunt rhoncus tempor id turpis.\n\nProin fringilla consequat imperdiet. Ut accumsan velit ac augue sollicitudin porta. Phasellus finibus porttitor felis, a feugiat purus tempus vel. Etiam vitae vehicula ex. Praesent ut tellus tellus. Fusce felis nunc, congue ac leo in, elementum vulputate nisi. Duis diam nulla, consequat ac mauris quis, viverra gravida urna.\n','activo',4,4),
(62,'Tenemos campeona del mundial de volleiball','2024-09-09 00:00:00','Phasellus laoreet eros nec vestibulum varius. Nunc id efficitur lacus, non imperdiet quam. Aliquam porta, tellus at porta semper, felis velit congue mauris, eu pharetra felis sem vitae tortor. Curabitur bibendum vehicula dolor, nec accumsan tortor ultrices ac. Vivamus nec tristique orci. Nullam fringilla eros magna, vitae imperdiet nisl mattis et. Ut quis malesuada felis. Proin at dictum eros, eget sodales libero. Sed egestas tristique nisi et tempor. Ut cursus sapien eu pellentesque posuere. Etiam eleifend varius cursus.\n\nNullam viverra quam porta orci efficitur imperdiet. Quisque magna erat, dignissim nec velit sit amet, hendrerit mollis mauris. Mauris sapien magna, consectetur et vulputate a, iaculis eget nisi. Nunc est diam, aliquam quis turpis ac, porta mattis neque. Quisque consequat dolor sit amet velit commodo sagittis. Donec commodo pulvinar odio, ut gravida velit pellentesque vitae. Class aptent taciti sociosqu ad litora torquent per conubia nostra, per inceptos himenaeos.\n\nMorbi vulputate ante quis elit pretium, ut blandit felis aliquet. Aenean a massa a leo tristique malesuada. Curabitur posuere, elit sed consectetur blandit, massa mauris tristique ante, in faucibus elit justo quis nisi. Ut viverra est et arcu egestas fringilla. Mauris condimentum, lorem id viverra placerat, libero lacus ultricies est, id volutpat metus sapien non justo. Nulla facilisis, sapien ut vehicula tristique, mauris lectus porta massa, sit amet malesuada dolor justo id lectus. Suspendisse sit amet tempor ligula. Nam sit amet nisl non magna lacinia finibus eget nec augue. Aliquam ornare cursus dapibus. Lorem ipsum dolor sit amet, consectetur adipiscing elit.\n\nDonec ornare sem eget massa pharetra rhoncus. Donec tempor sapien at posuere porttitor. Morbi sodales efficitur felis eu scelerisque. Quisque ultrices nunc ut dignissim vehicula. Donec id imperdiet orci, sed porttitor turpis. Etiam volutpat elit sed justo lobortis, tincidunt imperdiet velit pretium. Ut convallis elit sapien, ac egestas ipsum finibus a. Morbi sed odio et dui tincidunt rhoncus tempor id turpis.\n\nProin fringilla consequat imperdiet. Ut accumsan velit ac augue sollicitudin porta. Phasellus finibus porttitor felis, a feugiat purus tempus vel. Etiam vitae vehicula ex. Praesent ut tellus tellus. Fusce felis nunc, congue ac leo in, elementum vulputate nisi. Duis diam nulla, consequat ac mauris quis, viverra gravida urna.\n','inactivo',2,3),
(63,'Se descubre la unión entre astrofísica y fisica cuántica','2022-05-03 00:00:00','Phasellus laoreet eros nec vestibulum varius. Nunc id efficitur lacus, non imperdiet quam. Aliquam porta, tellus at porta semper, felis velit congue mauris, eu pharetra felis sem vitae tortor. Curabitur bibendum vehicula dolor, nec accumsan tortor ultrices ac. Vivamus nec tristique orci. Nullam fringilla eros magna, vitae imperdiet nisl mattis et. Ut quis malesuada felis. Proin at dictum eros, eget sodales libero. Sed egestas tristique nisi et tempor. Ut cursus sapien eu pellentesque posuere. Etiam eleifend varius cursus.\n\nNullam viverra quam porta orci efficitur imperdiet. Quisque magna erat, dignissim nec velit sit amet, hendrerit mollis mauris. Mauris sapien magna, consectetur et vulputate a, iaculis eget nisi. Nunc est diam, aliquam quis turpis ac, porta mattis neque. Quisque consequat dolor sit amet velit commodo sagittis. Donec commodo pulvinar odio, ut gravida velit pellentesque vitae. Class aptent taciti sociosqu ad litora torquent per conubia nostra, per inceptos himenaeos.\n\nMorbi vulputate ante quis elit pretium, ut blandit felis aliquet. Aenean a massa a leo tristique malesuada. Curabitur posuere, elit sed consectetur blandit, massa mauris tristique ante, in faucibus elit justo quis nisi. Ut viverra est et arcu egestas fringilla. Mauris condimentum, lorem id viverra placerat, libero lacus ultricies est, id volutpat metus sapien non justo. Nulla facilisis, sapien ut vehicula tristique, mauris lectus porta massa, sit amet malesuada dolor justo id lectus. Suspendisse sit amet tempor ligula. Nam sit amet nisl non magna lacinia finibus eget nec augue. Aliquam ornare cursus dapibus. Lorem ipsum dolor sit amet, consectetur adipiscing elit.\n\nDonec ornare sem eget massa pharetra rhoncus. Donec tempor sapien at posuere porttitor. Morbi sodales efficitur felis eu scelerisque. Quisque ultrices nunc ut dignissim vehicula. Donec id imperdiet orci, sed porttitor turpis. Etiam volutpat elit sed justo lobortis, tincidunt imperdiet velit pretium. Ut convallis elit sapien, ac egestas ipsum finibus a. Morbi sed odio et dui tincidunt rhoncus tempor id turpis.\n\nProin fringilla consequat imperdiet. Ut accumsan velit ac augue sollicitudin porta. Phasellus finibus porttitor felis, a feugiat purus tempus vel. Etiam vitae vehicula ex. Praesent ut tellus tellus. Fusce felis nunc, congue ac leo in, elementum vulputate nisi. Duis diam nulla, consequat ac mauris quis, viverra gravida urna.\n','inactivo',3,1);

-- Posts-etiquetas
INSERT INTO `posts_etiquetas` (`id`,`posts_id`,`etiquetas_id`) VALUES 
(1,43,3),
(2,43,11),
(3,44,2),
(4,44,4),
(5,45,14),
(6,45,13),
(7,46,10),
(8,46,11),
(9,46,12),
(10,46,20),
(11,47,10),
(12,48,1),
(13,48,2),
(14,48,4),
(15,48,13),
(16,49,13),
(17,49,14),
(18,49,17),
(19,50,13),
(20,50,14),
(21,50,16),
(22,51,7),
(23,51,8),
(24,51,9),
(25,51,18),
(26,52,8),
(27,52,18),
(28,53,7),
(29,53,8),
(30,54,4),
(31,54,5),
(32,55,5),
(33,55,6),
(34,56,5),
(35,56,6),
(36,56,10),
(37,58,2),
(38,58,3),
(39,58,13),
(40,59,1),
(41,59,13),
(42,57,10),
(43,60,5),
(44,60,6),
(45,61,10),
(46,61,12),
(47,61,20),
(48,62,5),
(49,62,10),
(50,63,13),
(51,63,14),
(52,63,17),
(53,52,19);